,,Text,42, 16-06-2024 00:17:21, 
,,Text,42, 16-06-2024 00:17:21, 
,,Text,42, 16-06-2024 00:17:21, 
,,Text,42, 16-06-2024 00:20:07, 
,,Text,42, 16-06-2024 00:20:07, 
,,Text,42, 16-06-2024 00:20:07, 
,,Text,42, 16-06-2024 00:20:51, 
,,Text,42, 16-06-2024 00:20:51, 
,,Text,42, 16-06-2024 00:20:51, 
,,Text,42, 16-06-2024 00:22:48, 
,,Text,42, 16-06-2024 00:22:48, 
,,Text,42, 16-06-2024 00:22:48, 
,,Text,42, 16-06-2024 00:23:36, 
,,Text,42, 16-06-2024 00:23:36, 
,,Text,42, 16-06-2024 00:23:36, 
,,Text,42, 16-06-2024 00:29:25, 
,,Text,42, 16-06-2024 00:29:25, 
,,Text,42, 16-06-2024 00:29:25, 
,,Text,42, 16-06-2024 00:33:29, 
,,Text,42, 16-06-2024 00:33:29, 
,,Text,42, 16-06-2024 00:33:29, 
,,Text,42, 16-06-2024 00:34:26, 
,,Text,42, 16-06-2024 00:34:26, 
,,Text,42, 16-06-2024 00:34:26, 
,,Text,42, 16-06-2024 09:58:43, 
,,Text,42, 16-06-2024 09:58:43, 
,,Text,42, 16-06-2024 09:58:43, 
,,Text,42, 16-06-2024 09:59:04, 
,,Text,42, 16-06-2024 09:59:04, 
,,Text,42, 16-06-2024 09:59:04, 
,,Text,42, 16-06-2024 10:01:15, 
,,Text,42, 16-06-2024 10:01:15, 
,,Text,42, 16-06-2024 10:01:15, 
,,Text,42, 16-06-2024 10:38:05, 
,,Text,42, 16-06-2024 10:38:05, 
,,Text,42, 16-06-2024 10:38:05, 
,,Text,42, 16-06-2024 11:10:33, 
,,Text,42, 16-06-2024 11:10:33, 
,,Text,42, 16-06-2024 11:10:33, 
,,Text,42, 16-06-2024 11:12:15, 
,,Text,42, 16-06-2024 11:12:15, 
,,Text,42, 16-06-2024 11:12:15, 
,,Text,42, 16-06-2024 11:14:38, 
,,Text,42, 16-06-2024 11:14:38, 
,,Text,42, 16-06-2024 11:14:38, 
,,Text,42, 16-06-2024 11:15:28, 
,,Text,42, 16-06-2024 11:15:28, 
,,Text,42, 16-06-2024 11:15:28, 
